id,bytes
1,10954
10,4436268
100,5422721
1000,578186
1001,229320
1002,229244
1003,230012
1004,689220
1005,214691
1006,214920
1007,208119
1008,892763
1009,193422
101,656544
1010,203985
1011,200224
1012,606316
1013,386627
1014,165018
1015,737602
1016,96270
1017,103586
1018,383728
1019,205111
102,300809
1020,166620
1021,114897
1022,69371
1023,2025044
1024,791315
1025,679270
1026,240127
1027,544844
1028,516935
1029,297206
103,383991
1030,406880
1031,99347
1032,123189
1033,158262
1034,47207
1035,93691
1036,467580
1037,313541
1038,168727
1039,1750640
104,11605
1040,122631
1041,100225
1042,103555
1043,636744
1044,105577
1045,61543
1046,233656
1047,855398
1048,305219
1049,403882
105,477866
1050,90749
1051,493266
1052,162597
1053,348961
1054,325592
1055,408234
1056,800350
1057,263209
1058,369264
1059,387441
106,423563
1060,105486
1061,454276
1062,36191
1063,13594
1064,14238
1065,7582
1066,351940
1067,731864
1068,899979
1069,1204386
107,810679
1074,602632
1075,293921
1076,486640
1077,312902
1078,610246
1079,1094205
108,686476
1080,19612
1081,837220
1082,503060
1083,631970
1084,217793
1085,524781
1086,101933
1087,126849
1088,588654
1089,278497
109,39583
1090,76276
1091,509762
1092,129062
1093,123412
1094,160432
1095,724202
1096,276475
1097,199497
1098,518551
1099,616139
11,151191
110,875702
1100,130672
1101,150142
1102,145143
1103,171754
1104,86356
1105,105434
1106,120797
1107,122254
1108,102363
1109,127456
111,458552
1110,121995
1111,129062
1112,139789
1113,97015
1114,121431
1115,142543
1116,126761
1117,152125
1118,122916
1119,151757
112,120423
1120,116120
1121,124482
1122,166678
1123,114618
1124,159667
1125,134027
1126,127578
1127,154753
1128,141179
1129,104168
113,455671
1130,148445
1131,163852
1132,110551
1133,159961
1134,145038
1135,99969
1136,143978
1137,15135
1138,652824
1139,265601
114,1874
1140,438374
1141,96070
1142,179693
1143,476690
1144,202756
1145,472512
1146,255463
1147,260194
1148,346409
1149,250430
115,2046550
1150,920073
1151,578676
1152,330843
1153,495647
1154,420704
1155,453999
1156,734690
1157,194750
1158,398976
1159,374764
116,19992
1160,106844
1161,421904
1162,579989
1163,428729
1164,517182
1165,280318
1166,311852
1167,287563
1168,395270
1169,82340
117,505
1170,538895
1171,28370
1172,80371
1173,216172
1174,739911
1175,90840
1176,78910
1177,401268
1178,116385
1179,56176
118,403266
1180,135872
1181,132565
1182,536105
1183,430527
1184,2706052
1185,669897
1186,63614
1187,226593
1188,333516
1189,29240
119,902406
1190,100708
1191,174828
1192,220596
1193,152651
1194,598710
1195,126317
1196,70327
1197,635665
1198,1104705
1199,318425
12,172776
120,372720
1200,1868710
1201,571410
1202,359640
1203,171280
1204,312340
1205,131327
1206,238511
1207,626351
1208,288374
1209,1298168
121,448326
1210,219623
1211,212198
1212,192326
1213,104308
1214,441068
1215,53848
1216,310075
1217,344368
1218,912265
1219,119470
122,819250
1220,39207
1221,129398
1222,97680
1223,483164
1224,519382
1225,238112
1226,979514
1227,660697
1228,950788
1229,233938
123,276362
1230,47822
1231,229487
1232,283526
1233,308096
1234,154730
1235,930694
1236,632219
1237,592602
1238,59048
1239,509286
124,834880
1240,117566
1241,86587
1242,132959
1243,140541
1244,207747
1245,983410
1246,140633
1247,52975
1248,490393
1249,128004
125,678420
1250,108824
1251,897750
1252,1009388
1253,70344
1254,225282
1256,239591
1257,1337947
1258,1613798
1259,1420236
126,168145
1260,1044063
1261,550972
1262,463035
1263,484227
1264,335509
1265,530397
1266,279947
1267,503443
1268,1151796
1269,462586
127,1026209
1270,248783
1271,330810
1272,493463
1273,100987
1274,417059
1275,245099
1276,131936
1277,107490
1278,180373
1279,874747
128,609365
1280,220020
1281,248784
1282,242029
1283,246656
1284,255429
1285,89084
1286,574385
1287,597443
1288,219752
1289,140309
129,5251160
1290,625992
1291,80087
1292,187259
1293,297977
1294,164436
1295,169603
1296,325613
1297,279598
1298,768475
1299,336607
13,34290
130,362492
1300,609830
1301,2112025
1302,144552
1303,557778
1304,1170850
1305,129330
1306,192539
1307,563385
1308,86583
1309,134262
131,311627
1310,382630
1311,117996
1312,705787
1313,249879
1314,428722
1315,320299
1316,258326
1317,112701
1318,369656
1319,379865
132,322409
1320,1382334
1321,32567
1322,760829
1323,1784867
1324,258211
1325,643738
1326,220394
1327,272981
1328,47933
1329,554787
133,687611
1330,16153
1331,30067
1332,86466
1333,157690
1334,784895
1335,190795
1336,73085
1337,127870
1338,201403
1339,71075
134,266272
1340,1254576
1341,11777
1342,738046
1343,461297
1344,126719
1345,150297
1346,254220
1347,284107
1348,308891
1349,1729839
135,3349503
1350,567856
1351,395300
1352,292033
1353,600874
1354,378079
1355,256334
1356,656979
1357,45309
1358,138521
1359,144888
136,54724
1360,282683
1361,237702
1362,251523
1363,244473
1364,249317
1365,1948233
1366,1582578
1367,56106
1368,672861
1369,112983
137,92724
1370,1264282
1371,964619
1372,703660
1373,21720
1374,149416
1375,346022
1376,361285
1377,765146
1378,552471
1379,267260
138,393677
1380,634939
1381,296622
1382,311960
1383,342668
1384,307274
1385,415387
1386,549158
1387,52513
1388,54474
1389,131758
139,432212
1390,381682
1391,418403
1392,77044
1393,85099
1394,96386
1395,201490
1396,1088805
1397,599744
1398,157230
1399,2048246
14,1897534
140,820570
1400,1038512
1401,616421
1402,232501
1403,352614
1404,1167078
1405,327772
1406,126259
1407,89852
1408,489556
1409,258985
141,893788
1410,166123
1411,79823
1412,549308
1413,75778
1414,132328
1415,83757
1416,96198
1417,692241
1418,55997
1419,130134
142,537028
1420,379356
1421,86072
1422,47835
1423,276288
1424,252757
1425,23088
1426,32282
1427,41622
1428,53421
1429,336906
143,680659
1430,287699
1431,134556
1432,301923
1433,75476
1434,387127
1435,160355
1436,255260
1437,129107
1438,1548026
1439,106296
144,797359
1440,335189
1441,563539
1442,415245
1443,325256
1444,303662
1445,281197
1446,259431
1447,511088
1448,514248
1449,954553
145,1812793
1450,329191
1451,300346
1452,818996
1453,416515
1454,127486
1455,203034
1456,38629
1457,522845
1458,42427
1459,23026
146,372283
1460,342557
1461,536995
1462,77048
1463,368620
1464,158322
1465,87667
1466,376248
1467,138894
1468,1362398
1469,95167
147,128848
1470,496346
1471,183951
1472,179927
1473,582684
1474,87231
1475,23950
1476,778223
1477,386711
1478,132906
1479,598500
148,384969
1480,591862
1481,249912
1482,553808
1483,609484
1484,875352
1485,556032
1486,619071
1487,260197
1488,176652
1489,55329
149,235422
1490,307658
1491,228445
1492,342764
1493,726716
1494,640809
1495,391285
1496,90784
1497,1199950
1498,561275
1499,617663
15,1254302
150,715838
1500,132301
1501,151909
1502,147341
1503,177872
1504,89370
1505,90259
1506,150157
1507,121571
1508,125363
1509,103013
151,44188
1510,128809
1511,122863
1512,132231
1513,144501
1514,97792
1515,122743
1516,143231
1517,132025
1518,155100
1519,123987
152,376028
1520,120694
1521,154949
1522,117842
1523,128257
1524,180566
1525,2235
1526,117079
1527,119279
1528,159858
1529,136547
153,839115
1530,127472
1531,156322
1532,157642
1533,106466
1534,154388
1535,168487
1536,113243
1537,115975
1538,164291
1539,146519
154,734001
1540,100512
1541,145786
1542,147814
1543,15255
1544,18051
1545,79169
1546,7749
1547,122798
1548,101861
1549,504262
155,1094864
1550,479597
1551,72631
1552,713909
1553,78755
1554,110067
1555,50690
1556,310862
1557,405578
1558,515835
1559,717364
156,22089
1560,751172
1561,602790
1562,347764
1563,465046
1564,1239335
1565,886134
1566,423062
1567,64032
1568,187098
1569,597710
157,240704
1570,240302
1571,75671
1572,475665
1573,375793
1574,285870
1575,723565
1576,787515
1577,404037
1578,96735
1579,87758
158,897582
1580,143702
1581,5880420
1582,1242408
1583,380770
1584,87663
1585,342235
1586,1354355
1587,646346
1588,295063
1589,189002
159,249831
1590,412150
1591,176081
1592,381478
1593,30864
1594,356759
1595,467446
1596,257431
1597,303530
1598,136564
1599,129064
16,262846
160,365734
1600,200852
1601,663494
1602,369581
1603,312008
1604,283412
1605,336378
1606,1128936
1607,547016
1608,383432
1609,2406887
161,712924
1610,2317567
1611,418070
1612,70612
1613,368645
1614,197887
1615,747385
1616,326248
1617,246518
1618,48706
1619,687502
162,399926
1620,235739
1621,198892
1622,816130
1623,588676
1624,480700
1625,185518
1626,786752
1627,664682
1628,328888
1629,696904
163,212239
1631,589625
1632,345599
1633,492436
1634,397081
1635,55890
1636,235238
1637,397975
1638,135288
1639,428034
164,618734
1640,509280
1641,1036932
1642,71192
1643,145335
1644,381692
1645,104881
1646,577205
1649,283699
165,679935
1650,306369
1651,615433
1652,323267
1653,374767
1654,545207
1655,313465
1656,107813
1657,48219
1658,257019
1659,182853
166,343517
1660,1156665
1661,607504
1662,3079830
1663,100916
1664,43046
1665,177018
1666,467133
1667,99789
1668,66473
1669,203798
167,276818
1670,43343
1671,330280
1672,355641
1673,74302
1674,212913
1675,748769
1676,129456
1677,53987
1678,470019
1679,394325
168,239385
1680,146022
1681,59643
1682,77736
1683,194025
1684,1092898
1685,438971
1686,592467
1687,202187
1688,377983
1689,349137
169,1182990
1690,595352
1692,590928
1693,706160
1694,688818
1695,355264
1696,275378
1697,418369
1698,321511
1699,501534
17,1467913
170,365532
1700,499276
1701,464098
1702,262856
1703,326046
1704,324292
1705,526766
1706,509196
1707,529440
1708,514556
1709,1077379
171,236372
1710,65829
1711,540378
1712,786628
1713,775226
1714,110740
1715,410210
1716,494136
1717,363760
1718,356986
1719,141792
172,375250
1720,354858
1721,161356
1722,280693
1723,406041
1724,676368
1725,471676
1726,397400
1727,717663
1728,771202
1729,117458
173,425548
1730,575323
1731,78885
1732,382605
1733,405517
1734,393904
1735,286556
1736,86083
1737,50230
1738,252846
1739,286986
174,446090
1740,461103
1741,514007
1742,57001
1743,437069
1744,286750
1745,952309
1746,81671
1747,360439
1748,883432
1749,925481
175,474753
1750,1364269
1751,414351
1752,734229
1753,50788
1754,125174
1755,148185
1756,111425
1757,44687
1758,61065
1759,283108
176,786963
1760,96261
1761,58590
1762,63265
1763,46895
1764,65046
1765,167947
1768,208226
1769,105697
177,794196
1770,121501
1771,146826
1772,149701
1773,124033
1774,154655
1775,145806
1776,156953
1777,169289
1778,121626
1779,145880
178,458504
1780,167374
1781,154889
1782,182405
1783,139302
1784,182568
1785,141905
1786,150704
1787,211104
1788,133513
179,371609
1790,185586
1791,160987
1792,152029
1793,189034
1794,185961
1795,129264
1796,182654
1797,195859
1798,136008
1799,191393
18,1173764
180,2807880
1800,172007
1801,122928
1802,172226
1803,429214
1804,378452
1805,265575
1806,65341
1807,129433
1808,86611
1809,467208
1810,173215
1811,196920
1812,102100
1813,67217
1814,162208
1815,345521
1816,82233
1817,60919
1818,60415
1819,46964
1820,49977
1821,46940
1822,66130
1823,82649
1824,57672
1825,101096
1826,99794
1827,567802
1828,531031
1829,239692
1830,76290
1831,761957
1832,259406
1833,102778
1834,106634
1835,122937
1836,102382
1837,431701
1838,654694
1839,402984
1840,1153597
1841,77182
1842,580167
1843,207161
1844,347002
1845,484225
1846,431440
1847,81273
1848,825091
1849,467399
1850,129986
1851,392844
1852,469314
1853,404123
1854,686991
1855,93444
1856,656829
1857,510976
1858,432155
1859,210356
1860,1450722
1861,145481
1862,194370
1863,377894
1864,326352
1865,820247
1866,893910
1867,128342
1868,203026
1869,391766
1870,153608
1871,775028
1872,375519
1873,132086
1874,363331
1875,109399
1876,152446
1877,261738
1878,440377
1879,737043
1880,1032430
1881,447521
1882,294198
1883,455080
1884,89049
1885,457195
1886,494433
1887,432597
1888,362318
1889,438837
1890,76698
1891,64608
1892,43252
1893,256376
1894,530856
1895,1671349
1896,377945
1897,450034
1898,265249
1899,567242
19,189638
1900,690408
1901,255344
1902,97076
1903,225371
1904,183880
1905,306186
1906,472869
1907,155405
1908,213060
1909,1690585
1910,227226
1911,121150
1912,395422
1913,520207
1915,385244
1916,132575
1917,800668
1918,53849
1919,86347
1920,74274
1921,661133
1922,109793
1923,603787
1924,94449
1925,345451
1926,361818
1927,484560
1928,659630
1929,196893
1930,506214
1931,395517
1932,242565
1933,296046
1934,52627
1935,166014
1936,209988
1937,379769
1938,1027544
1939,824585
1940,59562
1941,488436
1942,670746
1943,256858
1944,439442
1945,188788
1946,1736823
1947,755032
1948,317013
1949,63669
1950,408828
1951,327196
1952,32008
1953,155330
1954,160122
1955,433630
1956,384423
1957,703265
1958,158016
1959,240063
1960,216732
1961,225284
1962,210617
1963,179572
1965,683565
1966,492916
1967,459714
1968,130050
1969,410404
1970,735343
1971,474460
1972,99932
1973,194953
1974,108334
1975,693414
1976,720761
1977,120276
1978,63269
1979,533943
1980,300797
1981,28388
1982,38354
1983,94761
1985,399601
1986,437650
1987,553963
1988,41506
1989,125396
1990,124669
1991,210642
1992,224179
1993,71865
1994,448162
1995,290593
1996,283966
1997,308061
1998,683067
1999,367381
2,2980
20,462907
200,8312639
2000,2226045
2002,32717
2003,78807
2004,39911
2005,480742
2006,45401
2007,998695
2008,180924
2009,1302730
201,227207
2010,149648
2011,382736
2012,114682
2013,576124
2014,475254
2015,318129
2016,3456190
2017,68652
2018,254921
2019,397752
202,798598
2020,558192
2021,1015106
2022,208833
2023,329234
2024,255938
2025,246582
2026,639927
2027,129971
2028,566870
2029,435557
203,1059743
2030,417280
2031,428753
2032,603822
2033,357630
2034,1103946
2035,262228
2036,534408
2037,406753
2038,715740
2039,114214
204,477507
2040,242653
2041,332283
2042,448844
2043,757665
2044,1060799
2045,701718
2046,339765
2047,738164
2048,760688
2049,184066
205,637939
2050,104113
2051,79373
2052,62866
2053,590512
2054,122002
2055,952515
2056,869220
2057,388675
2058,135435
2059,525748
206,817922
2060,242959
2061,92106
2062,194639
2063,325130
2064,349517
2065,375929
2066,588499
2067,489199
2068,599053
2069,180124
207,97719
2070,557946
2071,249510
2072,617274
2073,540003
2074,1360557
2075,248144
2076,319918
2077,913251
2078,320293
2079,427188
208,148739
2080,493890
2081,464063
2082,939676
2083,960630
2084,917648
2085,667887
2086,315997
2087,1121672
2088,1095312
2089,75167
209,234973
2090,25387
2092,762737
2093,660469
2094,655562
2095,259243
2096,590277
2097,236945
2098,367228
2099,1027572
21,252598
210,182181
2100,4944850
2101,132338
2102,237971
2103,345919
2104,265257
2105,218226
2106,257566
2107,303612
2108,161772
2109,364743
211,211025
2110,286500
2111,320853
2112,464974
2113,386561
2114,358617
2115,470661
2116,555799
2117,247092
2118,775989
2119,531258
212,270495
2120,667836
2121,733054
2122,71117
2123,418909
2124,315892
2125,876922
2126,299923
2127,289907
2128,154334
2129,290609
213,162950
2130,261729
2131,224329
2132,722559
2133,305887
2134,207051
2135,247959
2136,108839
2137,88799
2138,393186
2139,227250
214,182806
2140,97648
2141,435570
2142,238550
2143,1039001
2144,3085389
2145,1163051
2146,178969
2147,577056
2148,608403
2149,626240
215,180051
2150,562038
2151,475672
2152,338765
2153,912009
2154,395643
2155,516454
2156,216788
2157,110702
2158,1565198
2159,445119
216,80255
2160,853949
2161,52544
2162,431925
2163,91015
2164,86957
2165,120159
2166,480179
2167,357806
2168,860285
2169,425839
217,954552
2170,1156973
2171,116278
2172,623847
2173,297073
2174,154266
2175,225876
2176,251704
2177,132188
2178,259642
2179,351039
218,169680
2180,246632
2181,390713
2182,479563
2183,378226
2184,735830
2185,265631
2186,320749
2187,398241
2188,383837
2189,116601
219,217397
2190,264273
2191,309137
2192,463127
2193,298456
2194,734198
2195,157730
2196,342577
2197,338410
2198,443851
2199,929005
22,1519997
220,111928
221,653988
222,441384
2225,320496
2226,595027
2227,388515
2228,280045
2229,191547
223,434743
2230,340067
2231,543776
2232,193891
2233,459057
2234,356862
2235,103244
2236,105524
2237,130463
2238,131491
2239,86356
224,788840
2240,126553
2241,127455
2242,199700
2243,124897
2244,124482
2245,125945
2246,138085
2247,118148
2248,149212
2249,121995
225,476036
2250,132654
2251,142543
2252,152125
2253,155785
2254,134368
2255,150029
2256,145143
2257,176866
2258,148301
2259,168927
226,112288
2260,124199
2261,143839
2262,114043
2263,119737
2264,107549
2265,171696
2266,145562
2267,159510
2268,153414
2269,164801
227,495789
2270,4504324
2271,592921
2272,212632
2273,255598
2274,92788
2275,1014250
2276,483122
2277,220124
2278,194490
2279,231968
228,727083
2280,183839
2281,309558
2282,249993
2283,445152
2284,332484
2285,379444
2286,167627
2287,516500
2288,592634
2289,171159
229,60949
2290,233214
2292,375391
2293,380267
2294,130671
2295,189325
2296,200133
2297,214472
2298,545742
2299,138143
23,225470
230,68296
2300,1908826
2301,759871
2302,293212
2303,208900
2304,155692
2305,597430
2306,301511
2307,509165
2308,482890
2309,595263
231,124705
2310,241558
2311,851884
2312,144256
2313,590296
2314,534160
2315,111076
2316,398167
2317,177410
2318,354945
2319,129082
232,145165
2320,59896
2321,195555
2322,17977
2323,811949
2324,212539
2325,104276
2326,117287
2327,243138
2328,49825
2329,333744
233,922368
2330,100057
2331,928775
2332,1775884
2333,1778032
2334,1774523
2335,152407
2336,154947
2337,132988
2338,179890
2339,169918
234,278347
2340,148850
2341,176590
2342,252285
2343,84031
2344,67067
2345,60863
2346,62006
2347,52396
2348,63373
2349,76599
235,36759
2350,338062
2351,1033766
2352,117766
2353,140652
2354,44492
2355,382149
2356,342486
2357,338089
2358,297187
2359,269140
236,303505
2360,650522
2361,65139
2362,390441
2363,146272
2364,459808
2365,79737
2366,66101
2367,150901
2368,280982
2369,725001
237,52404
2370,1086919
2371,528010
2372,395665
2373,74901
2374,597092
2375,170808
2376,429448
2377,290922
2378,480564
2379,168789
238,396607
2380,37503
2381,414478
2382,106030
2383,1729089
2384,765422
2385,606512
2386,626625
2387,90221
2388,147202
2389,453897
239,19908
2390,477275
2391,237668
2392,435681
2393,168184
2394,503769
2395,427002
2396,879480
2397,741670
2398,368534
2399,212771
24,311595
240,183373
2400,478775
2401,1226351
2402,128469
2403,556028
2404,742475
2405,440518
2406,45867
2407,123369
2408,149615
2409,313420
241,264894
2410,341179
2411,373220
2412,103344
2413,675261
2414,265571
2415,667875
2416,192533
2417,539549
2418,310388
2419,409299
242,447818
2420,101207
2421,129996
2422,87874
2423,309148
2424,673583
2425,96964
2426,66307
2427,150509
2428,268454
2429,252658
243,326379
2430,156126
2431,146128
2432,1116308
2433,1034842
2434,87858
2435,545028
2436,95731
2437,418466
2438,154892
2439,1354473
244,244344
2440,1049926
2441,446057
2442,541889
2443,1530125
2444,211232
2445,240551
2446,204009
2447,585287
2448,568988
2449,764854
245,843290
2450,186006
2451,612122
2452,651218
2453,683996
2454,535175
2455,908412
2456,836493
2457,238481
2458,226097
2459,482970
246,70606
2460,106309
2461,119919
2462,458675
2463,510654
2464,974532
2465,132025
2466,591277
2467,147028
2468,548022
2469,567900
247,1552718
2470,440216
2471,446627
2472,706408
2473,688060
2474,302797
2475,284635
2476,286000
2477,275695
2478,283428
2479,343859
248,1568075
2480,676955
2481,1829444
2482,85777
2483,378611
2484,846713
2485,345103
2486,144611
2487,165321
2488,878705
2489,1240760
249,32357
2490,55059
2491,160627
2492,333406
2493,97029
2494,130064
2495,315430
2496,318237
2497,1173925
2498,197780
2499,237265
25,2140714
250,120044
2500,242409
2501,956972
2502,62102
2503,199347
2504,75816
2505,1359787
2506,67914
2507,382855
2508,367414
2509,380941
251,64664
2510,51069
2511,1067292
2512,469700
2513,111836
2514,1060708
2515,529348
2516,1114650
2517,816947
2518,288251
2519,794590
252,218991
2520,597154
2521,89790
2522,398322
2523,476452
2524,448912
2525,150775
2526,199782
2527,239822
2528,562388
2529,549144
253,71291
2530,676046
2531,57234
2532,47456
2533,845438
2534,125057
2535,385313
2536,83193
2537,280311
2538,53022
2539,649714
254,55952
2540,472872
2541,722912
2542,144167
2543,120854
2544,377495
2545,311830
2546,396471
2547,120225
2548,146390
2549,102626
255,22323
2550,405086
2551,326414
2552,642583
2553,653642
2554,1159923
2555,393355
2556,332382
2557,114460
2558,314940
2559,733638
256,19882
2560,393493
2561,1227494
2562,115744
2563,953168
2564,346635
2565,269887
2566,73597
2567,71275
2568,439283
2569,638121
257,521273
2570,219093
2571,112935
2572,32617
2573,630235
2574,280873
2575,284635
2576,520288
2577,1151801
2578,975163
2579,1087124
258,406446
2580,1437579
2581,969666
2582,690894
2583,1019982
2584,582861
2585,124520
2586,100396
2587,135570
2588,247787
2589,33745
259,132712
2590,1030706
2591,531199
2592,53393
2593,344918
2594,750201
2595,255763
2596,577529
2597,253219
2598,136866
2599,120371
26,461083
260,715552
2600,3359405
2601,1376008
2602,590703
2603,217188
2604,539525
2605,240878
2606,177362
2607,322225
2608,707794
2609,1114470
261,114454
2610,1230280
2611,136887
2612,1512423
2613,1647457
2614,583056
2615,381612
2616,1073559
2617,1045551
2618,176820
2619,663240
262,176688
2620,960102
2621,609282
2622,415473
2627,53962
2628,51556
2629,141306
263,59953
2630,55740
2631,75858
2632,76416
2633,90262
2634,151270
2635,319644
2636,626790
2637,394630
2638,1381005
2639,562682
264,61283
2640,529026
2641,396185
2642,350097
2643,231860
2644,267510
2645,121841
2646,49517
2647,907693
2648,113922
2649,556095
265,125253
2650,1084279
2651,647066
2652,583686
2653,461788
2654,525133
2655,274935
2656,229631
2657,712037
2658,621087
2659,498680
266,1158710
2660,301515
2661,242891
2662,363305
2663,177122
2664,932382
2665,571646
2666,628526
2667,365209
2668,326673
2669,328803
267,177947
2670,88031
2671,687966
2672,505018
2673,765270
2674,391362
2675,932793
2676,390380
2677,444421
2678,64822
2679,91662
268,1170408
2680,398825
2681,1135993
2682,148463
2683,552523
2684,558048
2685,93380
2686,390690
2687,506089
2688,352835
2689,538410
269,392547
2690,529189
2691,313662
2692,343599
2693,377765
2694,85912
2695,168166
2696,828436
2697,726969
2698,523049
2699,317336
27,831027
270,239527
2700,800699
2701,1234613
2702,506676
2703,214633
2704,395886
2705,356035
2706,229475
2707,896008
2708,306645
2709,733144
271,307560
2710,1013030
2711,191586
2712,64596
2713,209641
2714,668399
2715,415476
2716,145570
2717,90993
2718,116179
2719,61525
272,57011
2720,135696
2721,616185
2722,487111
2723,358997
2724,366402
2725,244244
2726,425187
2727,297685
2728,57375
2729,85091
273,97700
2730,53844
2731,481584
2732,262472
2733,310343
2734,140153
2735,1335280
2736,598479
2737,355709
2739,1159839
274,49736
2740,1292589
2741,496954
2742,93157
2743,550521
2744,443299
2745,150230
2746,237769
2747,112170
2748,273351
2749,164837
275,104897
2750,247640
2751,126991
2752,119912
2753,279062
2754,124295
2755,106000
2756,178346
2757,142978
2758,142882
2759,1046042
276,22147
2760,3598123
2761,450912
2762,736198
2763,484240
2764,142042
2765,170348
2766,486795
2767,402785
2768,711635
2769,581087
277,48098
2770,413700
2771,433539
2772,471308
2773,574346
2774,527587
2775,411780
2776,322337
2777,392918
2778,509908
2779,573138
278,48044
2780,601329
2781,186086
2782,200795
2783,429599
2784,335229
2785,516937
2786,533422
2787,588849
2788,579837
2789,279173
279,21073
2790,67406
2791,280787
2792,393289
2793,113363
2794,89609
2795,448457
2796,351581
2797,128897
2798,58135
2799,492531
28,101767
280,410101
2800,1113962
281,31645
282,526398
283,576568
284,777757
285,555315
286,855734
287,487313
288,348984
289,338658
29,334686
290,446299
291,232088
292,517800
293,366292
294,487447
295,267750
296,181509
297,435407
298,713692
299,348603
3,7747
30,4624970
300,30007
301,63612
302,172386
303,20903
304,159436
305,692450
306,284275
307,210518
308,393837
309,160620
31,244784
310,234652
311,197232
312,110350
313,98905
314,357330
315,160899
316,436829
317,87594
318,383252
319,405268
32,302654
320,130975
321,277488
322,601608
323,348891
324,136835
325,377618
326,501840
327,162373
328,189138
329,280138
33,513556
330,378023
331,721886
332,320016
333,82240
334,91230
335,223866
336,245776
337,327819
338,122118
339,296905
34,184319
340,120543
341,262469
342,188738
343,96616
344,468299
345,870683
346,502353
347,407241
348,548241
349,832954
35,181575
350,598015
351,1487278
352,275561
353,187892
354,510794
355,116527
356,237596
357,186425
358,143577
359,536174
36,340601
360,949951
361,471381
362,437897
363,260344
364,553364
365,219527
366,257520
367,254751
368,264649
369,388238
37,344730
370,711367
371,260169
372,384109
373,502322
374,188939
375,41387
376,601899
377,62798
378,905747
379,396586
38,1147820
380,298929
381,321447
382,146021
383,154230
384,566971
385,324091
386,300797
387,531199
388,1187388
389,141454
39,71934
390,128671
391,217136
392,751200
393,389050
394,395177
395,573150
396,35047
397,90280
398,200968
399,346118
4,2059
400,87745
401,315723
402,374490
403,454069
404,745284
405,692453
406,99417
407,116221
408,428729
409,111118
41,70029
410,86104
411,184861
412,57306
413,113725
414,59737
415,1296872
416,399639
417,170107
418,242643
419,238521
42,163731
420,230567
421,440231
422,923490
423,394823
424,95369
425,577189
426,310238
427,228034
428,194580
429,449104
43,141171
430,583789
431,194573
432,971687
433,565173
434,399401
435,232550
436,222049
437,317681
438,108388
439,189491
44,882815
440,334537
441,153933
442,58325
443,237628
444,884905
445,339247
446,561216
447,133081
448,511478
449,543077
45,576217
450,1755419
451,243201
452,1290291
453,265978
454,317676
455,230312
456,264997
457,581940
458,131156
459,134775
46,181890
460,122689
461,311664
462,313450
463,286212
464,608691
465,326099
466,523942
467,356701
468,370195
469,338359
47,512367
470,370603
471,772003
472,416311
473,307019
474,336365
475,744408
476,871450
477,501979
478,463727
479,326109
48,2397504
480,612008
481,315540
482,773808
483,494477
484,281915
485,219658
486,215310
487,71067
488,432020
489,296006
49,83796
490,31122
491,397387
492,144682
493,173236
494,79373
495,89051
496,276164
497,631032
498,419413
499,265217
5,28007
50,1434052
500,245741
501,153620
502,616428
503,741490
504,147330
505,2010295
506,1245601
507,1228071
508,517410
509,231543
51,449135
510,230661
511,241568
512,947019
513,451255
514,1071220
515,346988
516,199348
517,298326
518,231906
519,41080
52,1175941
520,168520
521,634234
522,188639
523,432347
524,593527
525,92957
526,234096
527,317883
528,273231
529,278557
53,446158
530,327914
531,514811
532,354226
533,161724
534,229834
535,213086
536,381441
537,440358
538,421750
539,218950
54,269453
540,676895
541,578578
542,540368
543,997934
544,460951
545,294895
546,525999
547,715399
548,91086
549,237491
55,217558
550,402656
551,205994
552,231942
553,224438
554,148190
555,309552
556,444831
557,342691
558,242102
559,558920
56,49804
560,692105
561,530509
562,287392
563,151590
564,565218
565,618004
566,870863
567,592964
568,590985
569,596505
57,48838
570,392238
571,2993393
572,164734
573,571330
574,61254
575,324252
576,19801
577,554780
578,285270
579,346426
58,113257
580,1798790
581,195493
582,156419
583,1373927
584,165427
585,154865
586,371623
587,427184
588,299829
589,568131
59,150125
590,391605
591,67195
592,121758
593,519390
594,231941
595,73341
596,89617
597,715146
598,1748642
599,1746170
6,6745
60,525989
600,242839
601,813097
602,486766
603,765799
604,414111
605,339499
606,180925
607,182478
608,123175
609,360902
61,94137
610,514440
611,409966
612,52514
613,41309
614,370651
615,1860878
616,44145
617,232547
618,236885
619,426950
62,380177
620,402972
621,1172848
622,683223
623,252079
624,467070
625,195495
626,164635
627,416972
628,1026148
629,1045813
63,125255
630,1045815
631,1045823
632,1045817
633,281687
634,487704
635,1045823
636,590144
637,667785
638,628827
639,566013
64,455155
640,623570
641,572884
642,102723
643,104518
644,195429
645,106998
646,568715
647,457566
648,1350809
649,440825
65,843479
650,445119
651,110312
652,245986
653,197284
654,336090
655,701976
656,427585
657,578688
658,503596
659,271084
66,212101
660,3123690
661,2631175
662,2718646
663,3023512
664,2496608
665,2389740
666,2457730
667,1373720
668,3283356
669,3224360
67,507351
670,1236879
671,269117
672,20630
673,45769399
674,4304227
675,624215
676,196790
677,283101
678,204507
679,96238
68,339812
680,68821
681,167011
682,330193
683,372971
684,64008
685,162905
686,406368
687,278278
688,172077
689,384742
69,257133
690,330268
691,250222
692,253815
693,177432
694,733043
695,290340
696,240149
697,104037
698,381904
699,946732
7,2246
70,567324
700,1282570
701,76455
702,72392
703,424112
704,69745
705,161667
706,287785
707,325761
708,281441
709,325414
71,72247
710,285213
711,611596
712,283174
713,609067
714,245750
715,398368
716,366141
717,179433
718,770205
719,387675
72,295206
720,380819
721,87514
722,277256
723,41957
724,91725
725,704531
726,60829
727,35417
728,43164
729,109513
73,268921
730,917357
731,1820460
732,2002308
733,1694021
734,1893195
735,1781205
736,1598747
737,220252
738,109235
739,36762
74,405783
740,40520
741,37846
742,459686
743,696584
744,1044982
745,1039968
746,662010
747,2390287
748,442839
749,487367
75,149125
750,875043
751,549357
752,502056
753,386543
754,775562
755,438660
756,232768
757,213287
758,22659
759,62614
76,590757
760,83208
761,65276
762,274119
763,390022
764,510600
765,591482
766,2013603
767,381443
768,661813
769,126575
77,619444
770,288091
771,46114
772,61033
773,249597
774,325394
775,479327
776,190775
777,296831
778,307149
779,147107
78,486520
780,565179
781,444988
782,472872
783,365793
784,343291
785,476803
786,606603
787,372422
788,240263
789,179107
79,1353639
790,140969
791,180449
792,473405
793,393818
794,453338
795,116304
796,1147040
797,231718
798,1048707
799,377368
8,4283
80,615194
800,450418
801,88228
802,74783
803,70378
804,244469
805,566688
806,94639
807,69274
808,1241902
809,98370
81,529855
810,82879
811,167100
812,1578632
813,160287
814,122624
815,1131416
816,866214
817,1317693
818,260659
819,335580
82,1167302
820,1615348
821,2097649
822,422254
823,111873
824,602137
825,30117
826,70721
827,68510
828,107598
829,584574
83,565698
830,360657
831,1006209
832,374205
833,672245
834,612739
835,116351
836,379172
837,423732
838,506746
839,606231
84,421633
840,1478458
841,271558
842,158852
843,669849
844,118088
845,254769
846,481501
847,180959
848,466258
849,252244
85,381870
850,241503
851,125880
852,842487
853,111181
854,133599
855,40979
856,57278
857,52287
858,124256
859,209146
86,648733
860,309452
861,551587
862,87703
863,333304
864,501299
865,43620
866,38433
867,47633
868,36927
869,53345
87,2544928
870,34691
871,152011
872,555144
873,202207
874,828711
875,159753
876,103970
877,50010
878,54020
879,37231
88,809155
880,62647
881,54772
882,1533954
883,1904511
884,602674
885,203854
886,244497
887,361294
888,254715
889,517870
890,1240630
891,1216657
892,1061926
893,1222213
894,1108463
895,1456097
896,74728
897,193060
898,165724
899,313436
9,21370
90,556380
901,188295
902,112402
903,825652
904,764629
905,494778
906,63247
907,330215
908,250488
909,62437
91,204083
910,409276
911,197647
912,211159
913,361866
914,852672
915,800238
916,133307
917,1445932
918,126254
919,103200
92,400768
920,124248
921,115434
922,86376
923,389664
924,46298
925,810236
926,934830
927,61772
928,147613
929,57310
93,147676
930,289261
931,160416
932,63287
933,173319
934,155093
935,866130
936,258372
937,375738
938,481054
939,634227
94,182752
940,871698
941,202182
942,514055
943,206262
944,1188667
945,298126
946,130908
947,578134
948,152537
949,237118
95,322677
950,256192
951,245390
952,251202
953,270271
954,265399
955,312979
956,292907
957,249505
958,269038
959,290178
96,349880
960,266469
961,218264
962,613515
963,1953636
964,620656
965,429752
966,231391
967,1951260
968,1982762
969,995015
97,219084
970,145224
971,147982
972,365189
973,406253
974,559855
975,81027
976,386198
977,171155
978,61904
979,491307
98,771600
980,512971
981,147352
982,48775
983,250042
984,154561
985,119573
986,130043
987,775250
988,127942
989,199334
99,66314
990,209553
991,114308
992,183442
993,291497
994,48066
995,254684
996,2391549
997,213942
998,213725
999,209950
